City_ID,City,Country,Date,Lat,Lng,Max Temp,Humidity,Cloudiness,Wind Speed
0,Punta Arenas,CL,2023-01-25 00:47:12,-53.15,-70.9167,46.81,77,100,17.34
1,Karauli,IN,2023-01-25 00:47:12,26.5,77.0167,58.23,92,38,1.34
2,Dargaville,NZ,2023-01-25 00:47:12,-35.9333,173.8833,74.46,50,3,13.31
3,Nikolskoye,RU,2023-01-25 00:47:13,59.7035,30.7861,31.91,95,100,7.07
4,Ushuaia,AR,2023-01-25 00:47:13,-54.8,-68.3,49.66,53,40,2.3
5,Bluff,NZ,2023-01-25 00:47:14,-46.6,168.3333,59.2,66,10,6.06
6,Shetpe,KZ,2023-01-25 00:47:14,44.1667,52.1167,23.63,48,36,3.85
7,Albany,US,2023-01-25 00:45:09,42.6001,-73.9662,34.45,82,50,1.01
8,Touros,BR,2023-01-25 00:44:42,-5.1989,-35.4608,78.55,77,14,10.65
9,Sitka,US,2023-01-25 00:42:51,57.0531,-135.33,46.29,87,100,10.36
10,Nanortalik,GL,2023-01-25 00:47:15,60.1432,-45.2371,29.61,86,100,26.51
11,Kruisfontein,ZA,2023-01-25 00:47:16,-34.0033,24.7314,61.88,65,33,7.54
12,Susangerd,IR,2023-01-25 00:47:16,31.5608,48.1831,54.68,57,0,3.65
13,Lagoa,PT,2023-01-25 00:47:17,39.05,-27.9833,59.36,83,39,21.12
14,Hulan,CN,2023-01-25 00:47:17,45.9833,126.6,-11.09,87,100,5.66
15,Ancud,CL,2023-01-25 00:47:18,-41.8697,-73.8203,55.4,74,98,5.01
16,Ossora,RU,2023-01-25 00:46:29,59.2353,163.0719,18.28,91,39,2.06
17,Dikson,RU,2023-01-25 00:45:31,73.5069,80.5464,-2.09,93,100,29.46
18,Bredasdorp,ZA,2023-01-25 00:47:18,-34.5322,20.0403,57.34,62,2,2.71
19,Shakawe,BW,2023-01-25 00:47:19,-18.3667,21.85,67.32,83,100,2.48
20,Mangrol,IN,2023-01-25 00:47:19,21.1167,70.1167,58.64,47,0,12.71
21,Panaba,MX,2023-01-25 00:47:20,21.2833,-88.2667,77.2,69,4,11.14
22,Hilo,US,2023-01-25 00:47:20,19.7297,-155.09,82.13,69,0,12.66
23,Pacific Grove,US,2023-01-25 00:46:09,36.6177,-121.9166,60.91,61,0,3.44
24,Dunedin,NZ,2023-01-25 00:45:59,-45.8742,170.5036,62.87,77,53,11.72
25,Vestmannaeyjar,IS,2023-01-25 00:47:21,63.4427,-20.2734,37.72,80,100,34.72
26,Tuktoyaktuk,CA,2023-01-25 00:47:21,69.4541,-133.0374,-5.8,84,100,14.97
27,Puerto Ayora,EC,2023-01-25 00:42:31,-0.7393,-90.3518,75.54,95,11,1.01
28,Padang,ID,2023-01-25 00:47:22,-0.9492,100.3543,73.45,74,100,3.67
29,Gao,ML,2023-01-25 00:45:41,16.6362,1.637,75.4,15,5,7.0
30,Taoudenni,ML,2023-01-25 00:47:22,22.6783,-3.9836,66.2,15,1,5.99
31,Pombas,CV,2023-01-25 00:47:23,17.1503,-25.0201,64.18,66,45,5.82
32,Esperance,AU,2023-01-25 00:47:23,-33.8667,121.9,68.56,72,5,17.02
33,Hobart,AU,2023-01-25 00:47:23,-42.8794,147.3294,78.06,54,20,9.22
34,Magistralnyy,RU,2023-01-25 00:47:24,56.1725,107.4458,-9.69,99,100,3.09
35,Okhotsk,RU,2023-01-25 00:47:24,59.3833,143.3,-2.47,97,100,13.65
36,Komsomolskiy,UZ,2023-01-25 00:47:25,40.4272,71.7189,20.12,86,100,0.0
37,Conceicao Do Araguaia,BR,2023-01-25 00:47:25,-8.2578,-49.2647,74.44,90,15,0.92
38,Great Falls,US,2023-01-25 00:47:25,47.5002,-111.3008,36.05,62,100,13.8
39,Mareeba,AU,2023-01-25 00:43:29,-17.0,145.4333,86.43,67,65,4.21
40,Khandyga,RU,2023-01-25 00:47:26,62.6667,135.6,-39.39,93,100,0.74
41,Gornyy,RU,2023-01-25 00:47:26,55.1153,83.9059,-4.74,100,100,2.91
42,Maceio,BR,2023-01-25 00:46:14,-9.6658,-35.7353,76.44,88,20,4.61
43,Nekhayevskiy,RU,2023-01-25 00:47:27,50.4106,41.7561,13.32,87,11,2.73
44,Zaoyang,CN,2023-01-25 00:48:27,32.1272,112.7542,26.67,24,100,9.84
45,Nosy Varika,MG,2023-01-25 00:46:17,-20.5833,48.5333,74.21,94,88,2.44
46,Mataura,NZ,2023-01-25 00:47:07,-46.1927,168.8643,73.24,36,31,3.09
47,Olafsvik,IS,2023-01-25 00:48:28,64.8945,-23.7142,32.16,87,98,32.17
48,Batagay-Alyta,RU,2023-01-25 00:48:28,67.8006,130.4114,-44.07,98,34,5.32
49,Nioro,GM,2023-01-25 00:48:28,13.35,-15.75,71.87,59,100,6.53
50,Ko Samui,TH,2023-01-25 00:48:29,9.5357,99.9357,78.71,89,40,0.0
51,Upernavik,GL,2023-01-25 00:48:29,72.7868,-56.1549,10.08,91,100,18.5
52,Namatanai,PG,2023-01-25 00:48:29,-3.6667,152.4333,84.56,67,91,5.99
53,Jijiga,ET,2023-01-25 00:48:30,9.35,42.8,59.07,55,8,0.96
54,New Norfolk,AU,2023-01-25 00:48:30,-42.7826,147.0587,77.72,53,94,1.99
55,Laguna,US,2023-01-25 00:48:30,38.421,-121.4238,60.89,55,0,6.91
56,Severo-Kurilsk,RU,2023-01-25 00:44:33,50.6789,156.125,25.9,95,100,57.49
57,Kapaa,US,2023-01-25 00:48:31,22.0752,-159.319,80.92,82,40,6.91
58,Coquimbo,CL,2023-01-25 00:48:31,-29.9533,-71.3436,64.13,88,0,13.8
59,Narsaq,GL,2023-01-25 00:48:31,60.9167,-46.05,28.62,81,100,15.55
60,San Patricio,US,2023-01-25 00:48:32,28.017,-97.5169,63.54,34,0,16.44
61,Tazovskiy,RU,2023-01-25 00:48:32,67.4667,78.7,-2.54,95,100,15.73
62,Freetown,SL,2023-01-25 00:48:32,8.484,-13.2299,75.96,86,100,4.36
63,Chokurdakh,RU,2023-01-25 00:48:33,70.6333,147.9167,-25.31,96,100,2.37
64,Busselton,AU,2023-01-25 00:46:46,-33.65,115.3333,68.77,49,3,12.5
65,Payo,ID,2023-01-25 00:48:33,-3.7508,103.6372,74.26,95,100,3.09
66,Remedios,CU,2023-01-25 00:48:34,22.4947,-79.5458,74.32,81,2,14.36
67,Carnarvon,AU,2023-01-25 00:48:34,-24.8667,113.6333,83.39,56,1,14.34
68,Codrington,AU,2023-01-25 00:48:34,-38.2667,141.9667,74.73,45,21,9.37
69,Waddan,LY,2023-01-25 00:48:35,29.1614,16.139,52.97,31,0,7.2
70,Ha Giang,VN,2023-01-25 00:48:35,22.8333,104.9833,50.31,74,57,0.27
71,Aasiaat,GL,2023-01-25 00:48:35,68.7098,-52.8699,6.37,94,100,7.34
72,Tambura,SS,2023-01-25 00:48:35,5.6,27.4667,71.6,26,35,4.32
73,Lazaro Cardenas,MX,2023-01-25 00:46:19,17.9583,-102.2,76.33,63,0,7.74
74,Lebu,CL,2023-01-25 00:48:05,-37.6167,-73.65,57.69,73,0,16.08
75,Mar Del Plata,AR,2023-01-25 00:47:17,-38.0023,-57.5575,71.62,81,75,19.57
76,Kutum,SD,2023-01-25 00:48:36,14.2,24.6667,58.33,19,81,6.49
77,Chuy,UY,2023-01-25 00:47:54,-33.6971,-53.4616,67.19,66,39,6.89
78,Port Alfred,ZA,2023-01-25 00:48:36,-33.5906,26.891,65.17,79,100,4.0
79,Kaitangata,NZ,2023-01-25 00:48:37,-46.2817,169.8464,64.8,64,70,7.0
80,Saint-Louis,SN,2023-01-25 00:48:38,16.3333,-15.0,75.18,23,63,9.01
81,Kodiak,US,2023-01-25 00:48:38,57.79,-152.4072,38.71,100,100,0.0
82,Rikitea,PF,2023-01-25 00:46:34,-23.1203,-134.9692,79.57,72,7,17.07
83,Henties Bay,NA,2023-01-25 00:48:40,-22.116,14.2845,64.42,84,19,11.25
84,Husavik,IS,2023-01-25 00:48:41,66.0449,-17.3389,34.11,99,100,5.14
85,Arraial Do Cabo,BR,2023-01-25 00:48:41,-22.9661,-42.0278,75.43,88,100,5.5
86,Bubaque,GW,2023-01-25 00:48:42,11.2833,-15.8333,74.46,81,100,15.68
87,Viedma,AR,2023-01-25 00:48:42,-40.8135,-62.9967,67.68,20,6,6.46
88,Katsuura,JP,2023-01-25 00:48:42,35.1333,140.3,35.62,40,12,23.13
89,Kahului,US,2023-01-25 00:48:43,20.8947,-156.47,82.42,66,75,4.61
90,Asau,RO,2023-01-25 00:48:43,46.4333,26.4,27.52,86,95,3.78
91,Sherbakul,RU,2023-01-25 00:49:44,54.6316,72.3963,12.51,94,99,12.64
92,Tumen,CN,2023-01-25 00:49:44,42.9661,129.8425,2.3,45,8,15.84
93,Lorengau,PG,2023-01-25 00:49:44,-2.0226,147.2712,83.35,69,99,4.18
94,Butaritari,KI,2023-01-25 00:48:17,3.0707,172.7902,81.19,77,99,18.79
95,Saint-Philippe,RE,2023-01-25 00:49:45,-21.3585,55.7679,72.99,91,100,12.08
96,Morant Bay,JM,2023-01-25 00:49:45,17.8815,-76.4093,82.02,80,7,10.27
97,Minas,UY,2023-01-25 00:49:45,-34.3759,-55.2377,70.09,40,100,8.75
98,Kaseda,JP,2023-01-25 00:49:46,31.4167,130.3167,35.22,64,66,17.09
99,Avarua,CK,2023-01-25 00:47:35,-21.2078,-159.775,82.45,74,14,5.23
100,Marinette,US,2023-01-25 00:49:46,45.1,-87.6307,30.69,74,40,8.05
101,Bethel,US,2023-01-25 00:49:46,41.3712,-73.414,39.49,64,100,9.22
102,Saint George,US,2023-01-25 00:48:13,37.1041,-113.5841,48.79,31,0,12.66
103,Pisco,PE,2023-01-25 00:49:47,-13.7,-76.2167,71.65,83,0,18.41
104,Cheney,US,2023-01-25 00:49:47,47.4874,-117.5758,32.34,90,100,3.15
105,La Ronge,CA,2023-01-25 00:49:47,55.1001,-105.2842,12.45,79,100,3.44
106,Bikaner,IN,2023-01-25 00:49:48,28.0167,73.3,49.24,26,0,6.82
107,Jamestown,US,2023-01-25 00:49:48,42.097,-79.2353,27.99,86,0,3.44
108,Vanimo,PG,2023-01-25 00:49:48,-2.6741,141.3028,84.65,66,100,3.87
109,Balkanabat,TM,2023-01-25 00:49:49,39.5108,54.3671,31.26,40,0,0.27
110,Poronaysk,RU,2023-01-25 00:49:49,49.2167,143.1167,-8.21,79,100,12.59
111,Hithadhoo,MV,2023-01-25 00:49:49,-0.6,73.0833,81.12,74,100,12.37
112,Tasiilaq,GL,2023-01-25 00:46:51,65.6145,-37.6368,19.56,62,7,7.94
113,Auki,SB,2023-01-25 00:49:50,-8.7676,160.7034,85.28,65,100,2.1
114,Zhezkazgan,KZ,2023-01-25 00:49:50,47.8043,67.7144,-7.62,77,58,4.47
115,Yellowknife,CA,2023-01-25 00:45:16,62.456,-114.3525,7.32,78,75,3.44
116,Ruteng,ID,2023-01-25 00:49:51,-8.6136,120.4721,71.69,65,100,0.87
117,Yuncheng,CN,2023-01-25 00:49:51,35.0231,110.9928,19.11,18,100,3.33
118,Finschhafen,PG,2023-01-25 00:49:51,-6.6024,147.8681,85.39,68,100,6.87
119,Hualmay,PE,2023-01-25 00:49:51,-11.0964,-77.6139,71.11,82,95,8.41
120,The Valley,AI,2023-01-25 00:49:52,18.217,-63.0578,77.14,69,20,8.05
121,Flinders,AU,2023-01-25 00:49:52,-34.5833,150.8552,82.06,71,4,5.01
122,Teknaf,BD,2023-01-25 00:49:52,20.8624,92.3058,64.02,57,42,3.6
123,Goderich,CA,2023-01-25 00:49:53,43.7501,-81.7165,35.91,74,100,3.44
124,Portland,US,2023-01-25 00:48:52,45.5234,-122.6762,49.6,77,75,3.44
125,Bahia Honda,CU,2023-01-25 00:49:54,22.9036,-83.1592,73.4,76,0,6.22
126,Tiksi,RU,2023-01-25 00:49:54,71.6872,128.8694,-33.59,99,53,7.36
127,Lata,PT,2023-01-25 00:49:54,40.1629,-8.3327,42.08,82,0,4.88
128,Shaoyang,CN,2023-01-25 00:49:55,27.2315,111.4525,33.78,32,21,4.27
129,Kiri Buru,IN,2023-01-25 00:49:55,22.0833,85.35,58.84,46,34,1.41
130,Qostanay,KZ,2023-01-25 00:49:55,53.1667,63.5833,-0.11,85,0,8.95
131,Pangnirtung,CA,2023-01-25 00:49:55,66.1451,-65.7125,-3.1,98,100,1.43
132,Rio Pardo,BR,2023-01-25 00:46:49,-29.9897,-52.3781,75.07,76,0,10.04
133,Santa Ines,BR,2023-01-25 00:49:56,-3.6667,-45.38,73.0,98,97,3.85
134,Male,MV,2023-01-25 00:49:56,4.1748,73.5089,78.75,89,75,11.5
135,Hit,IQ,2023-01-25 00:49:57,33.6416,42.8251,49.86,44,0,7.63
136,Jardim,BR,2023-01-25 00:47:54,-21.4803,-56.1381,77.4,77,44,4.38
137,Lima,PE,2023-01-25 00:49:53,-12.0432,-77.0282,75.9,75,0,14.97
138,Porto Belo,BR,2023-01-25 00:50:57,-27.1578,-48.5531,80.55,85,0,1.66
139,Los Lunas,US,2023-01-25 00:50:57,34.8062,-106.7334,39.65,48,98,5.99
140,Maromitsa,RU,2023-01-25 00:50:58,59.8683,48.0123,18.82,94,100,8.14
141,Guerrero Negro,MX,2023-01-25 00:50:58,27.9769,-114.0611,60.87,34,24,7.74
142,Nouadhibou,MR,2023-01-25 00:50:58,20.931,-17.0347,64.38,68,60,18.41
143,Cidreira,BR,2023-01-25 00:50:59,-30.1811,-50.2056,76.08,81,10,11.36
144,Leiyang,CN,2023-01-25 00:50:59,26.4024,112.8591,36.48,53,55,1.36
145,Atuona,PF,2023-01-25 00:47:24,-9.8,-139.0333,79.02,76,4,15.61
146,Iquique,CL,2023-01-25 00:50:59,-20.2208,-70.1431,71.64,84,100,1.63
147,Rabo De Peixe,PT,2023-01-25 00:51:00,37.8,-25.5833,56.71,88,40,6.91
148,Fortuna,US,2023-01-25 00:50:43,40.5982,-124.1573,57.54,78,0,8.05
149,Kavieng,PG,2023-01-25 00:51:00,-2.5744,150.7967,82.92,72,93,7.34
150,Dalianwan,CN,2023-01-25 00:51:00,39.0286,121.695,19.96,63,20,2.24
151,Cape Town,ZA,2023-01-25 00:50:00,-33.9258,18.4232,60.91,65,0,8.05
152,Saint-Augustin,CA,2023-01-25 00:51:01,51.226,-58.6502,22.51,76,97,14.81
153,Norman Wells,CA,2023-01-25 00:51:01,65.282,-126.8329,-0.36,78,100,3.44
154,Vila Velha,BR,2023-01-25 00:51:02,-20.3297,-40.2925,78.75,94,75,5.75
155,Batagay,RU,2023-01-25 00:51:02,67.6333,134.6333,-55.82,99,54,0.87
156,Imbituba,BR,2023-01-25 00:51:03,-28.24,-48.6703,73.74,88,3,2.73
157,Barrow,US,2023-01-25 00:47:34,71.2906,-156.7887,-9.38,77,20,23.02
158,Sambhal,IN,2023-01-25 00:51:03,28.5833,78.55,54.81,93,19,6.96
159,Sao Joao Da Barra,BR,2023-01-25 00:51:04,-21.6403,-41.0511,75.29,97,100,8.28
160,Tautira,PF,2023-01-25 00:51:04,-17.7333,-149.15,80.82,79,100,17.13
161,Bambous Virieux,MU,2023-01-25 00:51:04,-20.3428,57.7575,73.65,94,75,3.44
162,Faanui,PF,2023-01-25 00:51:05,-16.4833,-151.75,81.82,73,100,16.98
163,Bengkulu,ID,2023-01-25 00:51:05,-3.8004,102.2655,75.74,88,100,4.41
164,Georgetown,MY,2023-01-25 00:47:52,5.4112,100.3354,79.23,91,20,2.3
165,Havre,FR,2023-01-25 00:51:06,49.5833,0.3333,33.35,93,100,4.61
166,Marabba,SD,2023-01-25 00:51:06,12.35,32.1833,75.99,33,7,13.56
167,Juneau,US,2023-01-25 00:51:06,58.3019,-134.4197,42.22,97,100,14.97
168,Conceicao Do Mato Dentro,BR,2023-01-25 00:51:07,-19.0372,-43.425,69.28,94,100,3.0
169,Sergeyevka,KZ,2023-01-25 00:51:07,53.88,67.4158,5.74,93,29,11.81
170,Hobyo,SO,2023-01-25 00:51:07,5.3505,48.5268,75.2,71,46,19.84
171,Isangel,VU,2023-01-25 00:51:08,-19.55,169.2667,89.71,66,20,4.61
172,Smithers,CA,2023-01-25 00:46:53,54.7804,-127.1743,34.12,100,75,0.0
173,Marsh Harbour,BS,2023-01-25 00:51:08,26.5412,-77.0636,72.18,78,100,16.71
174,Georgiyevka,KZ,2023-01-25 00:51:09,43.0369,74.7114,-0.36,85,7,2.24
175,Rio Grande,BR,2023-01-25 00:50:26,-32.035,-52.0986,75.31,67,7,10.94
176,Qaanaaq,GL,2023-01-25 00:51:09,77.484,-69.3632,-5.17,60,91,9.4
177,Bull Savanna,JM,2023-01-25 00:51:09,17.8868,-77.5902,72.37,78,68,9.15
178,Constitucion,CL,2023-01-25 00:51:10,-35.3333,-72.4167,57.11,78,0,15.19
179,Dongli,CN,2023-01-25 00:51:10,23.5656,116.8194,42.78,56,40,6.71
180,Saskylakh,RU,2023-01-25 00:47:10,71.9167,114.0833,-16.02,100,100,2.82
181,Vaini,TO,2023-01-25 00:47:06,-21.2,-175.2,86.16,74,20,6.91
182,San Carlos,VE,2023-01-25 00:51:11,9.6612,-68.5827,79.38,60,93,3.98
183,Alamos,MX,2023-01-25 00:52:11,27.0167,-108.9333,56.89,22,0,4.83
184,Provideniya,RU,2023-01-25 00:52:12,64.3833,-173.3,6.91,56,2,29.08
185,Fort-Shevchenko,KZ,2023-01-25 00:52:12,44.5086,50.263,27.77,54,6,10.18
186,Vilhena,BR,2023-01-25 00:47:30,-12.7406,-60.1458,68.5,96,6,3.49
187,Haines Junction,CA,2023-01-25 00:52:13,60.7522,-137.5108,24.42,96,100,4.74
188,Saldanha,ZA,2023-01-25 00:49:01,-33.0117,17.9442,55.45,66,0,16.67
189,Khatanga,RU,2023-01-25 00:49:35,71.9667,102.5,-32.84,90,100,3.76
190,Pochutla,MX,2023-01-25 00:52:13,15.7432,-96.4661,79.83,73,6,6.67
191,Maldonado,UY,2023-01-25 00:52:13,-34.6667,-54.9167,74.59,52,100,6.69
192,Malpe,IN,2023-01-25 00:52:14,13.35,74.7167,76.3,89,86,6.62
193,Tyrma,RU,2023-01-25 00:52:14,50.0833,132.1667,-29.76,92,53,0.74
194,Walvis Bay,NA,2023-01-25 00:47:39,-22.9575,14.5053,63.09,88,16,2.3
195,Alice Springs,AU,2023-01-25 00:51:59,-23.7,133.8833,88.21,40,85,8.05
196,Kalaleh,IR,2023-01-25 00:52:15,37.3807,55.4916,31.6,80,20,0.0
197,Rawson,AR,2023-01-25 00:52:15,-43.3002,-65.1023,69.57,27,0,16.28
198,Sexsmith,CA,2023-01-25 00:52:16,55.35,-118.786,31.35,69,75,9.22
199,Caravelas,BR,2023-01-25 00:52:16,-17.7125,-39.2481,78.42,85,100,11.12
200,Maxixe,MZ,2023-01-25 00:52:16,-23.8597,35.3472,77.86,84,55,9.82
201,Aklavik,CA,2023-01-25 00:52:17,68.2191,-135.0107,-7.6,84,100,5.75
202,Evensk,RU,2023-01-25 00:52:17,61.95,159.2333,9.66,70,100,24.56
203,Cherskiy,RU,2023-01-25 00:50:12,68.75,161.3,-24.72,97,100,0.6
204,Alakurtti,RU,2023-01-25 00:52:17,66.9672,30.3491,24.75,94,100,7.23
205,Tabas,IR,2023-01-25 00:52:18,33.5959,56.9244,28.62,54,0,4.61
206,Mount Gambier,AU,2023-01-25 00:52:18,-37.8333,140.7667,74.32,38,14,7.81
207,Vilyuysk,RU,2023-01-25 00:52:18,63.7553,121.6247,-54.31,100,100,3.06
208,Hamilton,US,2023-01-25 00:51:55,39.1834,-84.5333,38.98,79,0,4.61
209,Namwala,ZM,2023-01-25 00:52:19,-15.7504,26.4384,63.63,98,100,4.14
210,Lively,CA,2023-01-25 00:52:19,46.4334,-81.1498,14.92,98,21,3.38
211,Tabora,TZ,2023-01-25 00:52:20,-5.0167,32.8,61.54,96,100,2.33
212,Port Elizabeth,ZA,2023-01-25 00:52:20,-33.918,25.5701,64.69,78,0,14.97
213,Tual,ID,2023-01-25 00:52:20,-5.6667,132.75,83.07,73,100,8.32
214,Hermanus,ZA,2023-01-25 00:52:21,-34.4187,19.2345,52.81,58,3,5.06
215,Lodja,CD,2023-01-25 00:52:21,-3.4833,23.4333,68.47,99,100,2.73
216,Leon Valley,US,2023-01-25 00:52:21,29.4952,-98.6186,58.71,50,0,8.99
217,Kannur,IN,2023-01-25 00:52:22,11.8675,75.3576,73.67,89,100,5.01
218,Torbay,CA,2023-01-25 00:52:22,47.6666,-52.7314,35.38,89,40,20.71
219,Avera,US,2023-01-25 00:52:22,33.194,-82.5271,44.55,63,72,6.93
220,Cotonou,BJ,2023-01-25 00:52:23,6.3654,2.4183,82.38,89,40,12.66
221,Chapada Dos Guimaraes,BR,2023-01-25 00:52:23,-15.4606,-55.7497,67.66,93,100,3.94
222,Lasa,IT,2023-01-25 00:52:23,46.6166,10.7002,34.68,82,92,2.48
223,College,US,2023-01-25 00:52:24,64.8569,-147.8028,0.59,79,100,0.0
224,Bosaso,SO,2023-01-25 00:52:24,11.2842,49.1816,73.17,70,6,4.18
225,Clyde River,CA,2023-01-25 00:52:24,70.4692,-68.5914,-18.17,69,100,14.97
226,Carutapera,BR,2023-01-25 00:52:25,-1.195,-46.02,74.64,95,100,5.82
227,East London,ZA,2023-01-25 00:49:08,-33.0153,27.9116,66.92,85,100,14.52
228,Kampot,KH,2023-01-25 00:52:25,10.6167,104.1833,75.25,69,82,17.07
229,Lavrentiya,RU,2023-01-25 00:53:26,65.5833,-171.0,-13.65,92,5,12.48
230,Goundam,ML,2023-01-25 00:53:26,16.4145,-3.6708,73.56,13,36,9.51
231,Waharoa,NZ,2023-01-25 00:53:26,-37.7667,175.7667,71.55,68,66,9.66
232,Ridgetown,CA,2023-01-25 00:53:27,42.4334,-81.8998,30.65,86,91,6.42
233,Tashtyp,RU,2023-01-25 00:53:27,52.7939,89.8983,14.7,86,100,14.38
234,Uaua,BR,2023-01-25 00:53:27,-9.8414,-39.4817,77.59,44,0,10.74
235,Cabo San Lucas,MX,2023-01-25 00:53:28,22.8909,-109.9124,67.05,52,83,2.64
236,Deputatskiy,RU,2023-01-25 00:53:28,69.3,139.9,-40.52,99,64,2.44
237,Nome,US,2023-01-25 00:53:28,64.5011,-165.4064,-11.09,89,2,7.38
238,Elat,IL,2023-01-25 00:53:29,29.5581,34.9482,58.84,77,0,6.91
239,Dickinson,US,2023-01-25 00:53:29,29.4608,-95.0513,52.99,88,40,11.5
240,Jining,CN,2023-01-25 00:53:29,35.405,116.5814,17.29,19,2,10.83
241,Ostrovnoy,RU,2023-01-25 00:53:30,68.0531,39.5131,22.68,81,100,23.94
242,Gardabani,GE,2023-01-25 00:53:30,41.4605,45.0928,32.09,81,45,1.28
243,Ponta Do Sol,PT,2023-01-25 00:53:30,32.6667,-17.1,61.43,50,0,9.06
244,Susanville,US,2023-01-25 00:49:52,40.4163,-120.653,38.66,66,0,4.61
245,Orlik,RU,2023-01-25 00:53:31,52.5178,99.825,-22.58,97,100,2.77
246,Arman,RU,2023-01-25 00:53:31,59.7,150.1667,0.01,91,100,11.48
247,Salalah,OM,2023-01-25 00:53:32,17.0151,54.0924,68.77,75,73,6.46
248,Mahebourg,MU,2023-01-25 00:53:32,-20.4081,57.7,73.69,94,75,3.44
249,Abu Dhabi,AE,2023-01-25 00:53:32,24.4667,54.3667,64.42,59,0,3.44
250,Riyadh,SA,2023-01-25 00:49:00,24.6877,46.7219,55.54,85,0,7.34
251,Hami,CN,2023-01-25 00:53:33,42.8,93.45,8.44,38,1,2.26
252,Harbin,CN,2023-01-25 00:53:33,45.75,126.65,-11.25,81,100,7.09
253,Tortoli,IT,2023-01-25 00:53:33,39.9256,9.6572,47.28,90,100,8.46
254,Ust-Omchug,RU,2023-01-25 00:53:34,61.15,149.6333,-17.09,97,100,6.8
255,Castro,BR,2023-01-25 00:53:34,-24.7911,-50.0119,65.43,61,2,2.46
256,Simpang,ID,2023-01-25 00:53:34,-1.2667,104.0833,75.36,89,100,4.56
257,Poum,NC,2023-01-25 00:53:35,-20.2333,164.0167,82.53,75,17,5.14
258,Chengde,CN,2023-01-25 00:53:35,40.9725,117.9361,-2.06,70,9,1.39
259,Hambantota,LK,2023-01-25 00:53:35,6.1241,81.1185,70.14,100,20,1.14
260,Kanbe,MM,2023-01-25 00:53:36,16.7053,96.0017,69.85,44,11,4.94
261,Namibe,AO,2023-01-25 00:53:36,-15.1961,12.1522,74.48,83,21,1.79
262,Vung Tau,VN,2023-01-25 00:53:36,10.346,107.0843,75.33,72,100,6.02
263,Mecca,SA,2023-01-25 00:51:26,21.4267,39.8261,70.61,75,24,1.97
264,Waltrop,DE,2023-01-25 00:53:37,51.6333,7.4,33.26,77,100,0.0
265,Broome,US,2023-01-25 00:50:06,42.2506,-75.833,31.19,74,100,8.05
266,Bowen,AU,2023-01-25 00:53:37,-20.0167,148.2333,82.13,66,18,11.48
267,Vitim,RU,2023-01-25 00:53:37,59.4511,112.5578,-16.8,90,100,5.32
268,Diffa,NE,2023-01-25 00:53:38,13.3154,12.6113,70.93,14,42,9.08
269,Binghamton,US,2023-01-25 00:52:28,42.0987,-75.918,31.32,80,100,8.05
270,Buraydah,SA,2023-01-25 00:53:38,26.326,43.975,54.05,80,20,9.78
271,Sao Filipe,CV,2023-01-25 00:53:39,14.8961,-24.4956,70.02,68,100,2.26
272,Atar,MR,2023-01-25 00:53:39,20.5169,-13.0499,69.03,16,13,7.34
273,Yenagoa,NG,2023-01-25 00:53:39,4.9247,6.2642,78.35,87,0,3.2
274,North Bend,US,2023-01-25 00:53:40,43.4065,-124.2243,50.16,90,0,16.11
275,Bilibino,RU,2023-01-25 00:54:40,68.0546,166.4372,-12.73,72,100,4.14
276,Raudeberg,NO,2023-01-25 00:54:40,61.9875,5.1352,47.86,36,100,38.48
277,Usinsk,RU,2023-01-25 00:54:40,65.9939,57.5281,12.13,94,100,16.11
278,San Cristobal,VE,2023-01-25 00:52:45,7.7669,-72.225,71.78,76,97,1.81
279,Thompson,CA,2023-01-25 00:54:41,55.7435,-97.8558,-7.44,77,75,4.61
280,Puerto Escondido,MX,2023-01-25 00:54:41,15.85,-97.0667,77.2,78,5,7.85
281,Bilma,NE,2023-01-25 00:54:42,18.6853,12.9164,70.07,12,0,6.42
282,Geraldton,AU,2023-01-25 00:54:42,-28.7667,114.6,77.41,65,0,10.36
283,Asekeyevo,RU,2023-01-25 00:54:42,53.5742,52.7972,-7.17,100,100,2.95
284,Klaksvik,FO,2023-01-25 00:52:34,62.2266,-6.589,47.32,81,42,29.3
285,Karratha,AU,2023-01-25 00:50:52,-20.7377,116.8463,87.73,56,97,2.21
286,Ekibastuz,KZ,2023-01-25 00:54:43,51.6667,75.3667,11.32,88,100,17.43
287,Zhigansk,RU,2023-01-25 00:54:43,66.7697,123.3711,-41.89,94,100,7.05
288,Natal,BR,2023-01-25 00:52:59,-5.795,-35.2094,79.45,73,40,11.5
289,Akyab,MM,2023-01-25 00:54:44,20.15,92.9,65.48,57,4,7.4
290,Pevek,RU,2023-01-25 00:54:44,69.7008,170.3133,-14.08,76,64,1.59
291,Kamenka,RU,2023-01-25 00:54:44,51.3223,42.7678,14.09,90,11,3.8
292,Jasper,US,2023-01-25 00:54:45,37.2001,-94.3502,35.06,91,100,1.01
293,Solnechnogorsk,RU,2023-01-25 00:54:45,56.1833,36.9833,28.24,97,76,4.29
294,Victoria,HK,2023-01-25 00:54:45,22.2855,114.1577,53.26,56,86,11.01
295,Kologriv,RU,2023-01-25 00:54:45,58.8275,44.3178,21.06,95,100,6.53
296,Laela,TZ,2023-01-25 00:54:46,-8.5667,32.05,59.45,93,100,2.8
297,Half Moon Bay,US,2023-01-25 00:54:46,37.4636,-122.4286,62.4,53,0,11.5
298,Kibre Mengist,ET,2023-01-25 00:54:47,5.8833,38.9833,52.25,69,100,2.8
299,Harper,LR,2023-01-25 00:54:47,4.375,-7.7169,79.09,82,29,4.63
300,Urumqi,CN,2023-01-25 00:54:47,43.801,87.6005,-3.05,78,0,2.24
301,Ayan,RU,2023-01-25 00:54:47,56.45,138.1667,-16.24,75,86,7.76
302,Nantucket,US,2023-01-25 00:51:32,41.2835,-70.0995,39.34,66,40,12.66
303,Iqaluit,CA,2023-01-25 00:51:29,63.7506,-68.5145,-22.27,69,75,25.32
304,Sault Sainte Marie,CA,2023-01-25 00:52:23,46.5168,-84.3333,28.96,97,100,2.3
305,Hasaki,JP,2023-01-25 00:54:48,35.7333,140.8333,30.29,40,21,27.4
306,Kisangani,CD,2023-01-25 00:54:48,0.5167,25.2,71.13,87,90,3.18
307,Iralaya,HN,2023-01-25 00:54:49,15.0,-83.2333,77.14,87,13,13.27
308,Quang Ngai,VN,2023-01-25 00:51:29,15.1167,108.8,64.0,91,100,7.02
309,Ribeira Grande,PT,2023-01-25 00:53:40,38.5167,-28.7,58.77,87,9,5.01
310,Roma,US,2023-01-25 00:54:49,43.2128,-75.4557,33.96,87,100,10.36
311,Oranjemund,NA,2023-01-25 00:54:50,-28.55,16.4333,61.61,75,0,19.55
312,Mahibadhoo,MV,2023-01-25 00:54:50,3.7833,72.9667,79.03,78,100,6.55
313,Krasnoselkup,RU,2023-01-25 00:54:50,65.7,82.4667,-10.19,93,100,16.37
314,Roblin,CA,2023-01-25 00:54:51,51.23,-101.3565,-4.23,100,92,1.05
315,Longyearbyen,SJ,2023-01-25 00:54:51,78.2186,15.6401,21.04,79,75,18.41
316,Nola,IT,2023-01-25 00:54:51,40.922,14.5329,49.86,91,42,7.18
317,Sola,VU,2023-01-25 00:54:52,-13.8833,167.55,86.67,79,75,5.75
318,Traverse City,US,2023-01-25 00:54:52,44.7631,-85.6206,34.0,90,100,8.28
319,Graham,US,2023-01-25 00:54:52,47.0529,-122.2943,44.11,92,100,6.91
320,Isilkul,RU,2023-01-25 00:54:53,54.9109,71.2728,11.89,93,100,12.71
321,Yudong,CN,2023-01-25 00:55:53,29.385,106.5194,45.5,70,63,2.19
322,Chegdomyn,RU,2023-01-25 00:55:53,51.1167,133.0167,-31.99,93,54,1.25
323,Baykit,RU,2023-01-25 00:55:54,61.67,96.37,-38.34,100,51,0.96
324,Wuda,CN,2023-01-25 00:55:54,39.4994,106.7117,9.37,27,6,3.29
325,Cuijk,NL,2023-01-25 00:55:54,51.7167,5.8667,34.2,85,100,1.14
326,Bergen,NO,2023-01-25 00:55:55,60.392,5.328,45.01,100,100,17.27
327,Santa Maria Da Boa Vista,BR,2023-01-25 00:55:55,-8.8078,-39.8256,86.49,36,99,5.5
328,Palu,ID,2023-01-25 00:55:55,-0.8917,119.8707,83.44,73,100,0.96
329,Port Keats,AU,2023-01-25 00:55:56,-14.25,129.55,80.92,83,100,11.01
330,Nelson Bay,AU,2023-01-25 00:55:56,-32.7167,152.15,81.09,79,0,1.99
331,Bereda,ES,2023-01-25 00:55:56,43.2686,-7.5406,41.41,100,100,6.44
332,Buchanan,LR,2023-01-25 00:55:57,5.8808,-10.0467,78.3,85,100,5.14
333,Porto Novo,BJ,2023-01-25 00:54:23,6.4965,2.6036,82.22,83,92,5.88
334,Tieling,CN,2023-01-25 00:55:57,42.2931,123.8414,2.48,51,94,8.81
335,Kenai,US,2023-01-25 00:55:58,60.5544,-151.2583,37.09,96,100,0.0
336,Santa Cruz,BO,2023-01-25 00:55:58,-17.8,-63.1667,78.26,89,75,8.05
337,Beringovskiy,RU,2023-01-25 00:55:58,63.05,179.3167,-9.96,94,82,12.82
338,Toamasina,MG,2023-01-25 00:55:58,-18.1667,49.3833,77.0,94,75,4.61
339,Margate,GB,2023-01-25 00:55:59,51.3813,1.3862,39.9,82,100,1.01
340,Rio Verde De Mato Grosso,BR,2023-01-25 00:55:59,-18.9181,-54.8442,73.51,92,100,3.74
341,Airai,TL,2023-01-25 00:55:59,-8.9266,125.4092,69.6,74,100,1.16
342,Leningradskiy,RU,2023-01-25 00:55:47,69.3833,178.4167,-23.35,92,18,8.95
343,Belle Fourche,US,2023-01-25 00:56:00,44.6714,-103.8522,35.11,72,39,11.74
344,Satipo,PE,2023-01-25 00:56:00,-11.2522,-74.6386,70.63,93,36,2.19
345,Collie,AU,2023-01-25 00:56:01,-33.3667,116.15,69.33,41,0,10.31
346,Salinas,US,2023-01-25 00:54:06,36.6777,-121.6555,60.44,56,9,2.33
347,Ghanzi,BW,2023-01-25 00:56:01,-21.5667,21.7833,73.35,52,14,6.38
348,Port Lincoln,AU,2023-01-25 00:56:01,-34.7333,135.8667,70.68,57,0,10.45
349,Cayenne,GF,2023-01-25 00:52:11,4.9333,-52.3333,75.24,78,0,0.0
350,Naliya,IN,2023-01-25 00:56:02,23.2667,68.8333,57.51,52,0,8.55
351,Pasni,PK,2023-01-25 00:56:02,25.2631,63.471,54.82,41,0,21.05
352,Prince Rupert,CA,2023-01-25 00:56:02,54.3161,-130.3201,46.49,93,100,25.32
353,Tampakan,PH,2023-01-25 00:56:03,6.4442,124.9264,79.09,88,100,1.14
354,Puerto Ayacucho,VE,2023-01-25 00:56:03,5.6639,-67.6236,81.23,54,83,8.52
355,Beidao,CN,2023-01-25 00:56:04,34.5686,105.8933,28.44,57,100,2.93
356,Mandi Bahauddin,PK,2023-01-25 00:56:04,32.5834,73.4843,47.95,93,59,5.5
357,Nhulunbuy,AU,2023-01-25 00:55:19,-12.2333,136.7667,79.41,83,75,5.75
358,Coari,BR,2023-01-25 00:53:09,-4.085,-63.1414,73.87,97,100,3.24
359,Corridonia,IT,2023-01-25 00:56:05,43.2511,13.5088,42.57,94,100,3.0
360,Puerto Del Rosario,ES,2023-01-25 00:56:05,28.5004,-13.8627,62.35,63,20,21.85
361,Camacha,PT,2023-01-25 00:56:05,33.0833,-16.3333,56.62,58,40,13.8
362,Rudbar,AF,2023-01-25 00:56:06,30.15,62.6,32.16,57,0,7.76
363,Santarem,BR,2023-01-25 00:54:07,-2.4431,-54.7083,75.33,100,0,2.3
364,Manati,PR,2023-01-25 00:56:06,18.4275,-66.4921,77.68,84,35,10.98
365,Cap Malheureux,MU,2023-01-25 00:56:06,-19.9842,57.6142,73.47,81,100,1.99
366,Srednekolymsk,RU,2023-01-25 00:57:07,67.45,153.6833,-23.44,92,100,1.48
367,Newport,GB,2023-01-25 00:57:07,51.5877,-2.9984,36.12,91,91,2.57
368,Cabedelo,BR,2023-01-25 00:57:07,-6.9811,-34.8339,81.27,76,6,10.78
369,Kihei,US,2023-01-25 00:57:08,20.785,-156.4656,80.83,80,52,1.23
370,Voh,NC,2023-01-25 00:57:08,-20.9667,164.7,88.79,62,46,3.89
371,Sujangarh,IN,2023-01-25 00:57:09,27.7011,74.4649,51.3,38,0,7.58
372,Bathsheba,BB,2023-01-25 00:57:09,13.2167,-59.5167,77.61,78,20,14.97
373,Santa Fe,AR,2023-01-25 00:57:09,-31.6333,-60.7,80.01,63,5,1.99
374,Takoradi,GH,2023-01-25 00:57:10,4.8845,-1.7554,79.5,84,1,3.69
375,Altoona,US,2023-01-25 00:57:10,40.5187,-78.3947,35.37,80,88,1.01
376,Werota,ET,2023-01-25 00:57:10,11.9167,37.7,63.01,35,5,3.33
377,Lipnita,RO,2023-01-25 00:57:11,44.1,27.6,33.15,90,100,6.82
378,Hvolsvollur,IS,2023-01-25 00:57:11,63.7533,-20.2243,34.34,84,100,16.78
379,Fairbanks,US,2023-01-25 00:53:53,64.8378,-147.7164,4.23,81,100,0.13
380,Devils Lake,US,2023-01-25 00:57:11,48.1128,-98.8651,14.95,88,91,7.0
381,Yulara,AU,2023-01-25 00:56:49,-25.2406,130.9889,90.86,15,100,16.62
382,Iquitos,PE,2023-01-25 00:57:12,-3.7481,-73.2472,73.44,94,40,1.14
383,Cockburn Town,TC,2023-01-25 00:57:12,21.4612,-71.1419,77.81,68,0,17.25
384,Shunyi,CN,2023-01-25 00:57:13,40.125,116.6453,3.15,72,0,4.47
385,Sao Felix Do Xingu,BR,2023-01-25 00:57:13,-6.6447,-51.995,72.23,97,100,0.65
386,Ha Tinh,VN,2023-01-25 00:57:13,18.3333,105.9,56.14,69,97,4.99
387,Talnakh,RU,2023-01-25 00:57:14,69.4865,88.3972,-12.8,91,100,11.61
388,Porbandar,IN,2023-01-25 00:57:14,21.6422,69.6093,59.72,50,0,10.49
389,Praia Da Vitoria,PT,2023-01-25 00:57:14,38.7333,-27.0667,59.25,100,75,16.46
390,Boyolangu,ID,2023-01-25 00:57:15,-8.1181,111.8935,80.78,79,20,0.98
391,Hofn,IS,2023-01-25 00:57:15,64.2539,-15.2082,39.52,65,100,8.72
392,Calvinia,ZA,2023-01-25 00:55:30,-31.4707,19.776,53.65,66,0,4.52
393,Kiama,AU,2023-01-25 00:57:15,-34.6833,150.8667,82.26,69,10,5.99
394,Damietta,EG,2023-01-25 00:57:16,31.4165,31.8133,61.21,63,0,12.35
395,Ixtapa,MX,2023-01-25 00:57:16,20.7,-105.2,67.59,84,16,1.21
396,Xuanzhou,CN,2023-01-25 00:57:16,30.9525,118.7553,26.4,36,0,9.19
397,Magadan,RU,2023-01-25 00:57:17,59.5667,150.8,-0.47,87,100,15.26
398,Tandalti,SD,2023-01-25 00:57:17,13.0167,31.8667,70.57,38,9,12.62
399,Madarounfa,NE,2023-01-25 00:57:17,13.3087,7.156,70.74,17,24,9.1
400,Cabinda,AO,2023-01-25 00:57:18,-5.55,12.2,77.76,82,100,3.6
401,Svetlogorsk,BY,2023-01-25 00:57:18,52.6333,29.7333,32.29,81,100,1.41
402,Guayabetal,CO,2023-01-25 00:57:18,4.2147,-73.8172,66.79,89,96,2.84
403,Manakara,MG,2023-01-25 00:57:19,-22.1333,48.0167,73.8,96,100,1.07
404,Axim,GH,2023-01-25 00:57:19,4.8699,-2.2405,78.87,86,4,4.12
405,Naze,JP,2023-01-25 00:57:19,28.3667,129.4833,43.72,73,100,17.58
406,Shimoda,JP,2023-01-25 00:57:20,34.6667,138.95,35.1,43,2,25.79
407,Sao Bento,BR,2023-01-25 00:57:20,-6.2833,-37.75,73.72,79,31,6.96
408,Japura,ID,2023-01-25 00:57:20,-0.3167,102.35,74.3,90,100,3.67
409,Kununurra,AU,2023-01-25 00:57:21,-15.7667,128.7333,84.18,79,75,8.05
410,Foca,TR,2023-01-25 00:57:21,38.6703,26.7566,48.54,76,89,17.02
411,Bow Island,CA,2023-01-25 00:57:21,49.8668,-111.3684,35.78,80,87,6.91
412,Wewak,PG,2023-01-25 00:58:22,-3.5534,143.6268,84.69,66,83,0.63
413,Mehamn,NO,2023-01-25 00:58:22,71.0357,27.8492,31.95,100,100,28.77
414,Ust-Kulom,RU,2023-01-25 00:58:22,61.6864,53.6902,16.3,92,100,9.6
415,Milkovo,RU,2023-01-25 00:58:23,54.7167,158.6167,-4.38,89,100,2.77
416,Lakes Entrance,AU,2023-01-25 00:58:23,-37.8811,147.981,81.16,55,0,6.08
417,Qasigiannguit,GL,2023-01-25 00:58:23,68.8193,-51.1922,12.06,95,100,5.84
418,Kushmurun,KZ,2023-01-25 00:58:24,52.4503,64.6311,0.55,97,60,9.95
419,Kumo,NG,2023-01-25 00:58:24,10.0447,11.2122,73.26,19,93,7.47
420,Faya,SA,2023-01-25 00:58:25,18.3851,42.4509,50.52,76,12,2.89
421,Maumere,ID,2023-01-25 00:58:25,-8.6199,122.2111,82.51,70,100,1.88
422,Yumen,CN,2023-01-25 00:58:25,40.2833,97.2,9.27,47,100,20.92
423,Canon City,US,2023-01-25 00:58:25,38.441,-105.2424,33.96,57,100,5.75
424,Sakakah,SA,2023-01-25 00:54:58,29.9697,40.2064,51.37,55,2,6.87
425,Arnia,IN,2023-01-25 00:58:26,32.5167,74.8,53.19,94,83,3.53
426,Ciudad Bolivar,VE,2023-01-25 00:58:26,8.1222,-63.5497,79.54,55,100,10.45
427,Waitati,NZ,2023-01-25 00:58:26,-45.75,170.5667,63.36,75,92,9.31
428,Sisimiut,GL,2023-01-25 00:58:27,66.9395,-53.6735,14.81,77,80,15.75
429,San Andres,CO,2023-01-25 00:58:27,12.5847,-81.7006,82.42,78,20,18.41
430,Ojhar,IN,2023-01-25 00:58:27,20.1,73.9333,58.44,49,53,4.74
431,Kirakira,SB,2023-01-25 00:58:28,-10.4544,161.9205,84.96,67,100,7.18
432,Ilulissat,GL,2023-01-25 00:58:28,69.2167,-51.1,11.16,95,100,5.39
433,Mont-Joli,CA,2023-01-25 00:58:28,48.5839,-68.1921,22.5,58,75,25.32
434,Xai-Xai,MZ,2023-01-25 00:58:29,-25.0519,33.6442,76.41,88,100,6.31
435,Sinnar,SD,2023-01-25 00:58:29,13.5691,33.5672,75.11,31,54,12.97
436,Ahuimanu,US,2023-01-25 00:58:29,21.4447,-157.8378,81.79,70,19,4.0
437,Gorontalo,ID,2023-01-25 00:58:30,0.5412,123.0595,81.95,80,95,1.28
438,Virbalis,LT,2023-01-25 00:58:30,54.6267,22.8169,26.94,85,97,8.25
439,Hilton Head Island,US,2023-01-25 00:58:30,32.2163,-80.7526,52.99,81,0,1.99
440,Chiredzi,ZW,2023-01-25 00:58:31,-21.05,31.6667,71.46,60,77,4.25
441,Alofi,NU,2023-01-25 00:58:31,-19.0595,-169.9187,85.89,70,40,8.05
442,Souillac,MU,2023-01-25 00:58:31,-20.5167,57.5167,73.78,94,75,3.44
443,Saint Paul,US,2023-01-25 00:56:13,44.9444,-93.0933,28.72,84,100,8.05
444,Morondava,MG,2023-01-25 00:58:32,-20.2833,44.2833,76.48,94,100,39.53
445,Sulangan,PH,2023-01-25 00:58:32,11.1373,123.7228,78.91,79,26,22.97
446,Saint-Francois,FR,2023-01-25 00:55:25,46.4154,3.9054,36.84,81,100,4.61
447,San Carlos De Bariloche,AR,2023-01-25 00:54:51,-41.1456,-71.3082,53.35,54,40,14.97
448,Aguimes,ES,2023-01-25 00:58:32,27.9054,-15.4461,61.43,59,75,18.41
449,Port Hedland,AU,2023-01-25 00:58:33,-20.3167,118.5667,87.85,66,36,8.05
450,Ryotsu,JP,2023-01-25 00:58:33,38.0833,138.4333,23.63,78,100,31.25
451,Homer,US,2023-01-25 00:56:59,59.6425,-151.5483,35.73,94,84,8.1
452,Palma Di Montechiaro,IT,2023-01-25 00:58:33,37.1926,13.765,48.31,87,59,4.94
453,Yar-Sale,RU,2023-01-25 00:56:52,66.8333,70.8333,0.36,95,99,7.67
454,Bakchar,RU,2023-01-25 00:58:34,57.0186,82.0711,-27.6,100,6,1.25
455,Vila Nova De Milfontes,PT,2023-01-25 00:58:34,37.7238,-8.7828,42.26,76,0,7.85
456,Whitianga,NZ,2023-01-25 00:58:35,-36.8333,175.7,67.05,68,92,10.8
457,Xichang,CN,2023-01-25 00:58:35,27.8964,102.2634,36.77,82,100,1.01
458,Harstad,NO,2023-01-25 00:58:35,68.799,16.5293,32.16,98,100,8.01
459,Pangai,TO,2023-01-25 00:58:36,-19.8,-174.35,87.91,55,20,5.75
460,Ngawi,ID,2023-01-25 00:59:36,-7.4038,111.4461,80.19,79,74,0.38
461,Majene,ID,2023-01-25 00:59:36,-3.5403,118.9707,81.73,76,100,3.36
462,Key West,US,2023-01-25 00:54:48,24.5557,-81.7826,78.01,79,18,17.0
463,Pitimbu,BR,2023-01-25 00:59:37,-7.4706,-34.8086,81.19,74,0,10.78
464,Kavaratti,IN,2023-01-25 00:59:37,10.5669,72.642,77.52,84,100,15.14
465,Emerald,AU,2023-01-25 00:59:37,-23.5333,148.1667,83.34,60,0,8.34
466,Alyangula,AU,2023-01-25 00:59:38,-13.8483,136.4192,81.32,78,87,6.78
467,Ust-Koksa,RU,2023-01-25 00:59:38,50.2696,85.6108,-4.94,97,100,0.11
468,Cervo,ES,2023-01-25 00:59:38,43.6702,-7.4101,49.96,77,100,15.3
469,Yarmouth,US,2023-01-25 00:59:39,41.7057,-70.2286,38.14,76,10,8.99
470,Macusani,PE,2023-01-25 00:59:39,-14.0833,-70.4333,37.31,97,100,1.86
471,Tsiroanomandidy,MG,2023-01-25 00:59:39,-18.7667,46.0333,66.92,92,100,11.07
472,Fort Saint James,CA,2023-01-25 00:59:40,54.4333,-124.25,28.45,98,100,1.66
473,Iranshahr,IR,2023-01-25 00:59:40,27.2025,60.6848,39.54,35,0,4.61
474,Nizhniy Tsasuchey,RU,2023-01-25 00:59:40,50.5167,115.1333,-24.66,90,59,3.69
475,Marsa Matruh,EG,2023-01-25 00:59:41,31.3525,27.2453,59.13,68,0,7.34
476,Mantua,IT,2023-01-25 00:59:41,45.1667,10.7833,44.98,91,100,1.01
477,Omboue,GA,2023-01-25 00:59:41,-1.5746,9.2618,77.74,88,95,4.32
478,Kalmunai,LK,2023-01-25 00:59:42,7.4167,81.8167,75.47,73,98,6.44
479,Arrecife,ES,2023-01-25 00:55:50,28.963,-13.5477,58.98,67,20,11.5
480,Ciudad Del Maiz,MX,2023-01-25 00:59:42,22.4,-99.6,67.08,23,0,4.34
481,Sheridan,US,2023-01-25 00:59:42,44.8333,-106.9173,33.03,69,100,5.01
482,Tsumeb,NA,2023-01-25 00:59:43,-19.2333,17.7167,70.25,63,41,6.78
483,Sao Jose Da Coroa Grande,BR,2023-01-25 00:59:43,-8.8978,-35.1478,77.74,72,4,7.61
484,Bitung,ID,2023-01-25 00:59:43,1.4451,125.1824,79.65,75,100,4.88
485,Ca Mau,VN,2023-01-25 00:59:44,9.1769,105.15,75.49,75,100,8.81
486,Luanda,AO,2023-01-25 00:57:38,-8.8368,13.2343,78.44,83,100,3.71
487,Vardo,NO,2023-01-25 00:59:44,70.3705,31.1107,28.38,80,75,18.41
488,Huambo,AO,2023-01-25 00:59:44,-12.7761,15.7392,56.21,97,89,1.43
489,Sinnamary,GF,2023-01-25 00:59:45,5.3833,-52.95,74.95,80,0,10.29
490,San Francisco,US,2023-01-25 00:59:40,37.7749,-122.4194,60.89,51,4,5.99
491,San Rafael Del Sur,NI,2023-01-25 00:59:45,11.8485,-86.4384,83.37,67,100,12.39
492,San Francisco Del Mar,MX,2023-01-25 00:59:46,16.2333,-94.65,79.39,73,20,8.86
493,Wanning,CN,2023-01-25 00:59:46,18.8003,110.3967,62.91,74,78,10.87
494,Sarakhs,IR,2023-01-25 00:59:46,36.5449,61.1577,22.86,41,6,5.12
495,Roebourne,AU,2023-01-25 00:59:47,-20.7833,117.1333,87.08,58,95,2.26
496,Nsanje,MW,2023-01-25 00:59:47,-16.92,35.262,72.14,91,52,2.53
497,Kuusankoski,FI,2023-01-25 00:59:47,60.907,26.6244,31.41,99,100,10.36
498,Bosobolo,CD,2023-01-25 00:59:48,4.1833,19.9,71.92,29,61,0.47
499,Westport,US,2023-01-25 00:56:54,41.1415,-73.3579,40.75,59,96,5.01
500,Kolobrzeg,PL,2023-01-25 00:59:48,54.1757,15.5834,34.16,86,25,9.01
501,Roald,NO,2023-01-25 00:59:49,62.5833,6.1333,52.72,76,75,34.52
502,Mount Isa,AU,2023-01-25 00:59:49,-20.7333,139.5,91.17,46,98,8.05
503,Ambovombe,MG,2023-01-25 00:59:49,-25.1667,46.0833,75.43,81,100,19.13
504,Tateyama,JP,2023-01-25 00:59:49,34.9833,139.8667,38.1,32,40,19.57
505,Atambua,ID,2023-01-25 00:59:50,-9.1061,124.8925,79.83,74,100,3.78
506,Tabuk,PH,2023-01-25 00:59:50,17.4189,121.4443,64.42,91,100,10.63
507,Haldia,IN,2023-01-25 00:59:50,22.0605,88.1097,67.46,68,9,4.12
508,Pacifica,US,2023-01-25 00:59:51,37.6138,-122.4869,60.66,54,0,11.5
509,Nebolchi,RU,2023-01-25 01:00:51,59.1239,33.3454,26.42,96,100,6.91
510,Suriapet,IN,2023-01-25 01:00:52,17.15,79.6167,61.2,92,11,2.55
511,Aneho,TG,2023-01-25 01:00:52,6.2333,1.6,80.28,84,2,10.42
512,Isabela,PH,2023-01-25 01:00:52,6.7085,121.9711,78.42,86,100,7.94
513,Yishui,CN,2023-01-25 01:00:53,35.7847,118.6281,14.34,15,0,8.86
514,Bundaberg,AU,2023-01-25 01:00:53,-24.85,152.35,89.22,65,21,3.0
515,Makakilo City,US,2023-01-25 01:00:54,21.3469,-158.0858,80.56,65,75,6.91
516,Palmer,US,2023-01-25 01:00:54,42.1584,-72.3287,35.19,72,17,8.66
517,Korla,CN,2023-01-25 00:56:57,41.7597,86.1469,6.58,79,58,7.83
518,Meulaboh,ID,2023-01-25 01:00:54,4.1363,96.1285,76.21,88,52,6.22
519,Sayaxche,GT,2023-01-25 01:00:55,16.5167,-90.1667,71.69,75,79,3.6
520,Nemuro,JP,2023-01-25 00:59:08,43.3236,145.575,12.51,64,30,30.44
521,Despotovac,RS,2023-01-25 01:00:55,44.0925,21.4469,31.86,81,57,2.8
522,Zhigalovo,RU,2023-01-25 01:00:56,54.8097,105.1578,-7.87,100,100,1.72
523,Pucallpa,PE,2023-01-25 01:00:56,-8.3791,-74.5539,76.53,75,25,3.02
524,Le Port,RE,2023-01-25 01:00:57,-20.9373,55.2919,73.4,93,100,8.21
525,Santa Rosa,PH,2023-01-25 01:00:57,14.3122,121.1114,83.08,70,95,21.7
526,Rayagada,IN,2023-01-25 01:00:58,19.1667,83.4167,59.7,57,18,2.21
527,Bekhtery,UA,2023-01-25 01:00:58,46.251,32.2927,30.49,85,7,7.7
528,Ayagoz,KZ,2023-01-25 01:00:58,47.9714,80.4392,-16.85,100,98,3.78
529,Solano,US,2023-01-25 01:00:59,38.2333,-121.9511,60.93,53,0,4.61
530,Rocha,UY,2023-01-25 00:59:38,-34.4833,-54.3333,64.4,72,100,5.75
531,Pandan,PH,2023-01-25 01:00:59,14.0453,124.1694,74.34,89,91,26.82
532,Dingle,PH,2023-01-25 01:00:59,10.9995,122.6711,78.01,82,53,18.01
533,Krapina,HR,2023-01-25 01:01:00,46.1608,15.8789,36.32,99,100,3.44
534,Ariquemes,BR,2023-01-25 00:56:59,-9.9133,-63.0408,73.92,93,83,1.86
535,Tezu,IN,2023-01-25 01:01:00,27.9167,96.1667,58.59,38,3,3.62
536,Sarangani,PH,2023-01-25 01:01:01,5.4033,125.4636,80.78,76,100,8.52
537,Zaozerne,UA,2023-01-25 01:01:01,45.1582,33.2787,35.33,90,26,11.92
538,Sabha,LY,2023-01-25 01:01:02,27.0377,14.4283,54.84,25,1,9.04
539,Nova Granada,BR,2023-01-25 01:01:02,-20.5339,-49.3142,70.47,91,100,0.67
540,Maibong,IN,2023-01-25 01:01:02,25.3,93.1667,55.33,67,74,0.83
541,Aktau,KZ,2023-01-25 01:01:03,43.65,51.2,16.38,39,6,8.08
542,Fare,PF,2023-01-25 01:01:03,-16.7,-151.0167,81.63,74,100,16.51
543,Quatre Cocos,MU,2023-01-25 01:01:04,-20.2078,57.7625,73.09,91,100,5.99
544,Langxiang,CN,2023-01-25 01:01:04,46.95,128.8833,-11.94,89,76,3.71
545,Nouakchott,MR,2023-01-25 01:01:05,18.0858,-15.9785,66.13,66,100,9.98
546,Kozhva,RU,2023-01-25 01:01:05,65.1073,57.0459,12.45,94,100,8.03
547,Suchiate,MX,2023-01-25 01:01:05,14.55,-92.2167,78.93,66,100,5.91
548,Kolvereid,NO,2023-01-25 01:01:06,64.8655,11.6047,45.63,95,100,33.73
549,Sheboygan,US,2023-01-25 01:00:02,43.7333,-87.9334,30.49,83,92,5.21
550,Broken Hill,AU,2023-01-25 01:01:06,-31.95,141.4333,88.48,23,0,9.66
551,Tsabong,BW,2023-01-25 01:01:07,-26.0217,22.401,75.45,40,57,8.93
552,Tuatapere,NZ,2023-01-25 01:01:07,-46.1333,167.6833,67.03,49,21,8.28
553,Waingapu,ID,2023-01-25 01:01:07,-9.6567,120.2641,83.41,64,100,3.78
554,Keuruu,FI,2023-01-25 01:01:08,62.2667,24.7,30.79,95,100,12.01
555,Usakos,NA,2023-01-25 01:02:08,-22.0,15.6,70.03,46,100,1.9
556,Matagami,CA,2023-01-25 01:02:08,49.7502,-77.6328,-12.89,77,0,2.3
557,Koslan,RU,2023-01-25 01:02:09,63.4564,48.8989,14.0,95,96,8.21
558,Jalu,LY,2023-01-25 01:02:09,29.0331,21.5482,53.49,61,0,10.83
559,Lompoc,US,2023-01-25 01:02:09,34.6391,-120.4579,62.74,62,20,5.75
560,Barro,BR,2023-01-25 01:01:28,-6.7167,-38.8667,75.11,82,89,2.64
561,Tura,IN,2023-01-25 00:58:08,25.5198,90.2201,59.41,58,14,3.67
562,Kandrian,PG,2023-01-25 01:02:10,-6.2167,149.55,82.89,76,100,2.48
563,Grimshaw,CA,2023-01-25 01:02:10,56.1834,-117.6027,21.6,86,6,6.4
564,Noumea,NC,2023-01-25 01:02:11,-22.2763,166.4572,85.98,83,21,9.93
565,Valle Hermoso,MX,2023-01-25 01:02:11,25.6667,-97.8333,66.88,40,57,19.98
566,Erftstadt,DE,2023-01-25 01:02:11,50.8167,6.7667,35.13,83,75,2.3
567,Irbil,IQ,2023-01-25 01:02:12,36.1926,44.0106,39.02,35,0,6.91
568,Vysokogornyy,RU,2023-01-25 01:02:12,50.1167,139.15,-29.15,96,100,10.25
569,Port-Cartier,CA,2023-01-25 01:02:13,50.0334,-66.8654,13.93,72,5,17.45
570,Lethem,GY,2023-01-25 01:02:13,3.3803,-59.7968,77.58,60,22,9.86
571,Kaoma,ZM,2023-01-25 01:02:13,-14.7833,24.8,63.66,98,100,6.51
572,Flin Flon,CA,2023-01-25 01:02:14,54.7682,-101.865,-10.17,100,83,3.49
573,Hatillo,PR,2023-01-25 01:02:14,18.4863,-66.8254,77.79,86,16,3.0
